"Deployment_ID","X","Y"
"BAC.TRMR_Rec002_Mem049.20200901",-1245340.70536423,2896914.10417269
"BAC.TRMR_Rec004_Mem102.20200831",-1247503.19275152,2898353.19119652
"BAC.TRMR_Rec014_Mem020.20200831",-1250868.48269952,2896775.56590351
"BAC.TRMR_Rec025_Mem076.20200831",-1251585.901211,2895961.48278887
"BAC.TRMR_Rec039_Mem094.20200831",-1251361.4924285,2898329.00995755
"BAC.TRMR_Rec041_Mem099.20200831",-1248919.09848926,2898480.2982014
"BAC.TRMR_Rec043_Mem081.20200901",-1245761.54691177,2898342.16990414
"BAC.TRMR_Rec044_Mem065.20200831",-1250895.22667507,2897788.077718
"BAC.TRMR_Rec046_Mem107.20200901",-1246246.78321165,2897408.25874769
"BAC.TRMR_Rec050_Mem060.20200831",-1250202.84505714,2896972.95672913
"BAC.TRMR_Rec051_Mem036.20200831",-1250182.92698095,2897711.77741084
"BAC.TRMR_Rec052_Mem038.20200901",-1246725.13326549,2897602.77532765
"BAC.TRMR_Rec058_Mem097.20200831",-1250955.85184719,2895627.6720863
"BAC.TRMR_Rec063_Mem079.20200831",-1251009.28266505,2894739.09608195
"BAC.TRMR_Rec064_Mem061.20200831",-1251964.88026367,2894904.63361231
"C06",2005512.31087385,2314213.20877302
"C12",2005981.03551783,2313800.24353131
"CA_Forest_Pepperwood_Preserve_20_01",-2275145.5332565,2052688.44881444
"CA_Forest_Pepperwood_Preserve_20_02_reupload",-2274198.62761818,2052391.65280282
"CA_Forest_Pepperwood_Preserve_20_03",-2276344.49181937,2052019.8189042
"CA_Forest_Pepperwood_Preserve_20_04",-2275470.04024725,2051720.4966017
"CA_Forest_Pepperwood_Preserve_20_06",-2274508.50972862,2051442.80548338
"CA_Forest_Pepperwood_Preserve_20_07",-2273550.05332557,2051154.46259325
"CA_Forest_Pepperwood_Preserve_20_08",-2275658.48965543,2050772.74345974
"CA_Forest_Pepperwood_Preserve_20_09",-2273842.31361418,2050194.69190285
"CA_Forest_Pepperwood_Preserve_20_10",-2276283.06701059,2048797.11108411
"CA_Forest_Pepperwood_Preserve_20_11",-2272859.76501377,2049905.35723991
"CA_Forest_Pepperwood_Preserve_20_12",-2273171.39148276,2048937.17213156
"CA_Forest_Pepperwood_Preserve_20_13",-2277295.51823132,2049005.63649645
"CA_Forest_Sierra Nevada_20_01",-2047832.12701554,1852855.82134572
"CA_Forest_Sierra Nevada_20_02",-2047749.9142966,1853076.60748772
"CA_Forest_Sierra Nevada_20_03",-2047677.89498161,1852672.19843724
"CA_Forest_Sierra Nevada_20_04",-2047602.58083489,1852409.16111676
"CA_Forest_Sierra Nevada_20_05",-2047490.52241809,1852897.53903722
"CA_Forest_Sierra Nevada_20_06",-2047324.4018147,1853128.26944355
"CA_Forest_Sierra Nevada_20_07",-2047209.4522912,1853606.66644503
"CA_Forest_Sierra Nevada_20_08",-2047883.52183743,1852510.45139273
"CA_Grassland_Carrizo Plains_20_01",-2139923.63951109,1641973.04176538
"CA_Grassland_Carrizo Plains_20_02",-2144680.90275597,1637420.12449155
"CA_Grassland_Carrizo Plains_20_03",-2139174.45418171,1638449.39130386
"CA_Grassland_Carrizo Plains_20_06",-2140820.26163753,1639826.74466944
"CA_Grassland_Carrizo Plains_20_08",-2136994.97881414,1639162.21317638
"CA_Grassland_Carrizo Plains_20_09",-2145070.681221,1637496.67684336
"CA_Grassland_Carrizo Plains_20_11",-2139818.14398898,1638785.42825172
"CA_Grassland_Carrizo Plains_20_13",-2139938.52842488,1640993.15134739
"CA_Grassland_Carrizo Plains_20_14",-2138443.60302105,1638970.55475624
"CO_GrasslandOak_USAFA_20_01",-760972.51958744,1807494.2137462
"CO_GrasslandOak_USAFA_20_03",-761314.477254689,1807534.14235172
"CO_GrasslandOak_USAFA_20_05",-761578.036356674,1807849.29533712
"CO_GrasslandOak_USAFA_20_06",-762835.669341094,1811391.89555181
"CO_GrasslandOak_USAFA_20_07",-763196.813099243,1812362.47777099
"CO_GrasslandOak_USAFA_20_08",-762976.027479285,1811759.70171065
"CO_GrasslandOak_USAFA_20_10",-762364.082777637,1811486.06036559
"CO_GrasslandOak_USAFA_20_11",-758754.299125387,1808418.01055753
"CO_GrasslandOak_USAFA_20_12",-758544.406359878,1808395.02449587
"CO_GrasslandOak_USAFA_20_13",-758284.222536375,1808421.38136571
"CO_GrasslandOak_USAFA_20_14",-758082.105339557,1808481.30938071
"CO_GrasslandOak_USAFA_20_15",-762838.149571376,1810778.58933206
"CO_GrasslandOak_USAFA_20_17",-758289.576291428,1811953.20612964
"CO_GrasslandOak_USAFA_20_18",-758345.405166135,1811475.49597445
"CO_GrasslandOak_USAFA_20_19",-759866.086987659,1810197.04351968
"CO_GrasslandOak_USAFA_20_20",-757891.136527567,1813571.89106739
"CO_GrasslandOak_USAFA_20_21",-758334.476787751,1813482.72542946
"CO_GrasslandOak_USAFA_20_22",-759846.998666041,1814137.53087215
"CO_GrasslandOak_USAFA_20_23",-759470.303939947,1813882.75263737
"CO_GrasslandOak_USAFA_20_24",-758059.842318895,1814237.17518115
"Days Fork Trail.USA.2020",-1304520.46218136,2068466.41315631
"Desolation Wasatch.USA.2020",-1312026.78334484,2071406.63969283
"FL_Forest_Melrose_20_02",1350306.5632603,836243.647532919
"FL_Forest_Melrose_20_03",1350314.67961535,835780.707697601
"FL_Forest_Melrose_20_04",1352390.62179885,836782.102658212
"FL_Forest_Melrose_20_05",1350650.89776164,836637.858319711
"FL_Forest_Melrose_20_06",1352153.94245567,835486.725648773
"FL_Forest_Melrose_20_08",1352423.63754894,836106.466222206
"FL_Forest_Melrose_20_09",1352458.48851565,836424.453834106
"FL_Forest_Melrose_20_11",1350626.34500239,835809.056845255
"FL_Forest_Melrose_20_13",1352282.8709034,837092.338291674
"FL_Forest_Melrose_20_14",1350473.46188534,836443.331320653
"FL_Forest_Melrose_20_15",1350924.66531301,835716.594714548
"LC_03.Fall.USA.2020",-1316419.25727431,2060209.10224369
"Lake Blanche.USA.2020",-1310664.07904357,2063555.46313272
"Little Cottonwood.Dpat.USA.2020",-1311870.52063408,2059773.09389584
"MA_Forest_Grafton_20_01",1970936.9669135,2388714.69780077
"MA_Forest_Grafton_20_03",1970828.2089533,2388456.24685626
"MA_Forest_Grafton_20_04",1970916.03172813,2388094.28606976
"MA_Forest_Grafton_20_05",1971161.2745787,2387921.4263188
"MA_Forest_Grafton_20_07",1971240.35214025,2388442.60826306
"MA_Forest_Tufts_20_01",1972257.50412115,2391682.84838266
"MA_Forest_Tufts_20_05",1972700.91191772,2393352.50176358
"MA_Forest_Tufts_20_06",1972896.76766397,2392222.37515187
"MA_Forest_Tufts_20_07",1972187.29326096,2391918.78446042
"MA_Forest_Tufts_20_08",1971692.9565198,2390999.95363372
"MA_Forest_Tufts_20_11",1972691.38649498,2392621.75263562
"MA_Forest_Tufts_20_12",1971806.12393513,2391668.78470906
"MA_Forest_Tufts_20_13",1971875.41363237,2391423.35930233
"MA_Forest_Tufts_20_14",1971943.02676328,2391019.13132524
"ME_Forest_Piscataquis_County_20_01",2126196.28909111,2742189.43265893
"ME_Forest_Piscataquis_County_20_02",2126115.59162309,2743268.24942504
"ME_Forest_Piscataquis_County_20_03",2126036.06629465,2743453.64870299
"ME_Forest_Piscataquis_County_20_04",2125862.5476017,2743592.66620436
"ME_Forest_Piscataquis_County_20_05",2125689.90645783,2743748.19457363
"ME_Forest_Piscataquis_County_20_07",2125357.66060999,2743995.79205362
"ME_Forest_Piscataquis_County_20_09",2126248.72207463,2741984.40455271
"MI_Forest_Upper_Peninsula_20_01",651316.948850889,2658485.87319386
"MI_Forest_Upper_Peninsula_20_03",646934.032276727,2660596.89247605
"MI_Forest_Upper_Peninsula_20_04",650390.747947073,2659270.48896564
"MI_Forest_Upper_Peninsula_20_05",652698.56460164,2656496.42036349
"MI_Forest_Upper_Peninsula_20_06",651061.36217711,2657206.13021446
"MI_Forest_Upper_Peninsula_20_07_reupload",649621.642234934,2657522.27107111
"MI_Forest_Upper_Peninsula_20_08",648559.386038625,2657672.13779754
"MI_Forest_Upper_Peninsula_20_10",647288.991051201,2656435.59395182
"MI_Forest_Upper_Peninsula_20_11",643800.465792064,2655503.10947431
"MI_Forest_Upper_Peninsula_20_12",644186.909121049,2654536.31985298
"MI_Forest_Upper_Peninsula_20_13",645203.280940949,2655949.9591255
"MI_Forest_Upper_Peninsula_20_14",645145.603177886,2657034.79965343
"MI_Forest_Upper_Peninsula_20_15",647737.395561942,2659367.24007982
"MI_Forest_Upper_Peninsula_20_16",646691.226088527,2658473.34755864
"MI_Forest_Upper_Peninsula_20_17",646467.947686608,2659510.03219692
"MI_Forest_Upper_Peninsula_20_18",645310.741236816,2659518.42657844
"MI_Forest_Upper_Peninsula_20_19",653758.138639664,2655779.57875341
"MI_Forest_Upper_Peninsula_20_20",652507.748297401,2655355.8360565
"MI_Forest_Upper_Peninsula_20_22",648743.64952884,2653183.7989654
"MI_Forest_Upper_Peninsula_20_23",648735.344807725,2653450.02315171
"MI_Forest_Upper_Peninsula_20_24",648479.148697066,2654506.14302327
"MI_Forest_Upper_Peninsula_20_25",649898.952034547,2654677.34434828
"MI_Forest_Upper_Peninsula_20_28",654553.362286158,2653715.28540161
"MI_Forest_Upper_Peninsula_20_29",654892.691421538,2652688.98945512
"MI_Forest_Upper_Peninsula_20_30",653305.972368452,2652824.46399055
"MI_Forest_Upper_Peninsula_2_20_10b",592263.081363304,2606619.97181622
"MI_Forest_Upper_Peninsula_2_20_11b",595612.056512135,2605827.71294367
"MI_Forest_Upper_Peninsula_2_20_12b",601394.218127596,2605772.74447869
"MI_Forest_Upper_Peninsula_2_20_13b",602190.30034691,2607261.65076849
"MI_Forest_Upper_Peninsula_2_20_14b",592536.444528072,2608263.43987824
"MI_Forest_Upper_Peninsula_2_20_15b",597773.131429632,2608877.25362691
"MI_Forest_Upper_Peninsula_2_20_16b",604003.836922656,2609573.48082555
"MI_Forest_Upper_Peninsula_2_20_17b",590402.704847741,2609656.66005231
"MI_Forest_Upper_Peninsula_2_20_18b",599230.760202345,2610801.44557359
"MI_Forest_Upper_Peninsula_2_20_1b",599569.254476258,2603511.77098048
"MI_Forest_Upper_Peninsula_3_20_01",557389.358720556,2585852.19983922
"MI_Forest_Upper_Peninsula_3_20_02",555550.43888248,2585269.91548007
"MI_Forest_Upper_Peninsula_3_20_03",554600.85078084,2585927.07286967
"MI_Forest_Upper_Peninsula_3_20_04",553426.016854674,2585832.87059952
"MI_Forest_Upper_Peninsula_3_20_05",551109.921911624,2584751.71966295
"MI_Forest_Upper_Peninsula_3_20_06",555679.243782752,2583330.93344598
"MI_Forest_Upper_Peninsula_3_20_07",557166.488759893,2584190.38517241
"MI_Forest_Upper_Peninsula_3_20_08",559147.172078457,2592206.60945595
"MI_Forest_Upper_Peninsula_3_20_09",561099.467773485,2591595.62605474
"MI_Forest_Upper_Peninsula_3_20_10",561584.592968487,2589609.61519413
"MI_Forest_Upper_Peninsula_3_20_11",562220.314307791,2592302.36841334
"MI_Forest_Upper_Peninsula_3_20_12",564536.214079853,2588856.70486823
"MI_Forest_Upper_Peninsula_3_20_13",562316.128268582,2587432.04249804
"MI_Forest_Upper_Peninsula_3_20_14",560808.908939426,2587154.26877845
"MI_Forest_Upper_Peninsula_3_20_15",560241.082706716,2585898.94212733
"MI_Forest_Upper_Peninsula_3_20_16",561277.879750727,2583080.99930118
"MI_Forest_Upper_Peninsula_3_20_17",561401.177368894,2584305.83552551
"MI_Forest_Upper_Peninsula_3_20_18",559369.012023965,2583450.71740797
"MI_Forest_Upper_Peninsula_3_20_19",553436.651058692,2593509.38959864
"MI_Forest_Upper_Peninsula_3_20_21",555421.458939802,2595192.62743466
"MI_Forest_Upper_Peninsula_3_20_22",554017.578809405,2595673.89030233
"MI_Forest_Upper_Peninsula_3_20_23",556864.650266751,2594830.3096526
"MI_Forest_Upper_Peninsula_3_20_24",558137.552075874,2595086.18045446
"MI_Forest_Upper_Peninsula_3_20_25",557831.533442788,2587028.71837273
"MI_Forest_Upper_Peninsula_3_20_26",557868.058100437,2588368.03789204
"MI_Forest_Upper_Peninsula_3_20_27",556589.966227958,2588082.94933797
"MI_Forest_Upper_Peninsula_3_20_28",556128.331832393,2586977.40932581
"MI_Forest_Upper_Peninsula_3_20_29",563511.192933477,2584455.18026484
"MI_Forest_Upper_Peninsula_3_20_30",557773.673577943,2590866.90419894
"MI_Forest_Upper_Peninsula_3_20_31",554510.652805284,2590535.04067602
"MI_Forest_Upper_Peninsula_3_20_32",554606.627799938,2589306.0233775
"MI_Forest_Upper_Peninsula_3_20_33",553480.11544226,2588845.98602514
"MI_Forest_Upper_Peninsula_3_20_34",553189.153282637,2587790.27959859
"MI_Forest_Upper_Peninsula_3_20_35",552187.358526358,2587289.77344566
"MI_Forest_Upper_Peninsula_3_20_36",552123.775324343,2589425.9491115
"MI_Forest_Upper_Peninsula_3_20_37",551287.651065462,2588531.88445061
"MI_Forest_Upper_Peninsula_3_20_38",548927.462097295,2590749.51313065
"MI_Forest_Upper_Peninsula_3_20_39",549539.297041985,2587555.1048912
"MI_Forest_Upper_Peninsula_3_20_40",549502.282223838,2585527.07756913
"MO_Forest_Bull_Shoals_20_03",260022.388058143,1506589.65597294
"MO_Forest_Bull_Shoals_20_04",259797.766542271,1506049.23478893
"MO_Forest_Bull_Shoals_20_05",260176.020924251,1505665.27668698
"MO_Forest_Bull_Shoals_20_06",259386.91255374,1506369.44218141
"MO_Forest_Bull_Shoals_20_07",258926.978387356,1506094.15038608
"MO_Forest_Bull_Shoals_20_08",257905.946793244,1507047.98174146
"MO_Forest_Bull_Shoals_20_10",259371.996538422,1506133.62026325
"MO_Forest_Bull_Shoals_20_1_reupload",260939.188909484,1506919.50094234
"MO_Forest_Bull_Shoals_20_2_reupload",260424.565120166,1506980.906081
"MT_Forest_River_Trail_20_01A",-1372001.76358588,2957134.44149371
"MT_Forest_River_Trail_20_02",-1371577.84703395,2956763.76826295
"MT_Forest_River_Trail_20_05",-1371617.46240358,2957054.33625512
"MT_Forest_River_Trail_20_06",-1372081.48688035,2956729.32899064
"MT_Forest_River_Trail_20_09",-1371320.67324375,2956784.99693515
"NC_Anthropogenic_WCU_20_02",1152281.04871632,1439287.19635349
"NC_Anthropogenic_WCU_20_05",1153053.81318046,1438293.15438712
"NC_Anthropogenic_WCU_20_07",1151370.91216116,1440020.96001539
"NC_Anthropogenic_WCU_20_08",1150182.01382228,1438469.48170939
"NC_Anthropogenic_WCU_20_09",1145325.22905069,1444397.1162377
"NC_Anthropogenic_WCU_20_12",1152489.35495783,1439207.04427846
"NC_Anthropogenic_WCU_20_13",1151409.72081825,1439406.1602536
"NC_Anthropogenic_WCU_20_14",1149167.69125191,1441774.57380425
"NC_Forest_Alligator_River_NWR_20_02",1782220.3659187,1607175.19172077
"NC_Forest_Alligator_River_NWR_20_03",1782982.42724957,1605216.61406422
"NC_Forest_Alligator_River_NWR_20_04",1787062.81174123,1606036.73034793
"NC_Forest_Alligator_River_NWR_20_06",1787532.98818465,1609353.45995459
"NC_Forest_Alligator_River_NWR_20_10",1794472.07864138,1605076.87589528
"NC_Forest_Alligator_River_NWR_20_15",1781661.36088415,1611623.21790272
"NC_Forest_Mt_Glum_20_01",1227893.28234479,1470972.5761418
"NC_Forest_Mt_Glum_20_03",1227995.81515704,1471386.74575578
"NC_Forest_Mt_Glum_20_04",1227703.64212137,1471408.80217911
"NC_Forest_Mt_Glum_20_05",1227849.20944017,1471545.30800243
"NC_Forest_Mt_Glum_20_06",1227372.54823784,1471767.94592038
"NC_Forest_Mt_Glum_20_07",1227163.75045038,1471747.82609558
"NC_Forest_Mt_Glum_20_09",1227200.8350046,1471442.15315632
"NC_Forest_Mt_Glum_20_10",1227423.24152749,1471562.65430269
"NC_Forest_Mt_Glum_20_15",1228039.59627487,1471122.76575926
"NC_Forest_Seven_Devils_20_02",1259120.58685968,1547984.7425854
"NC_Forest_Seven_Devils_20_03",1259007.51707114,1547806.9408545
"NC_Forest_Seven_Devils_20_04",1258900.73151335,1547623.29048462
"NC_Forest_Seven_Devils_20_05",1258697.77225869,1547401.41656388
"NC_Forest_Seven_Devils_20_07",1259358.89641774,1548103.22201443
"NC_Forest_Seven_Devils_20_08",1259387.83223186,1548570.76844692
"NC_Forest_Seven_Devils_20_09",1259541.92527826,1548205.47318661
"NC_Forest_Seven_Devils_20_10",1259315.89462749,1548341.38290877
"NC_Forest_Seven_Devils_20_12",1259657.29536793,1548547.84614841
"NC_Forest_Seven_Devils_20_13",1259804.81610629,1548700.26170585
"NC_Forest_Seven_Devils_20_14",1259916.0412502,1548872.13940955
"NC_Forest_Seven_Devils_20_15",1260167.40554039,1549017.52591321
"NC_Forest_Seven_Devils_20_16",1260345.55480059,1549170.02975109
"NC_Forest_Seven_Devils_20_18",1260671.46546611,1549425.17806013
"NC_Forest_Seven_Devils_20_19",1260790.24942641,1549660.4996967
"NC_Forest_Seven_Devils_20_20",1259211.18837584,1547651.80793449
"NC_Forest_Seven_Devils_20_22",1259541.1962833,1548726.32205069
"NC_Forest_WCU_20_02",1148421.58431518,1439639.52801279
"NC_Forest_WCU_20_03",1135936.37046388,1433410.57773059
"NC_Forest_WCU_20_08",1153359.66318081,1436563.72155977
"NC_Forest_WCU_20_09",1151956.49841441,1434770.6519526
"NC_Forest_WCU_20_11",1149273.3273313,1442075.75347721
"NC_Forest_WCU_20_13",1149423.33193276,1438650.21769599
"NC_Forest_Yarnall_Knob_20_01",1274285.41566377,1555949.22732205
"NC_Forest_Yarnall_Knob_20_02",1274102.04653008,1556034.60927629
"NC_Forest_Yarnall_Knob_20_03",1274237.50603224,1556281.79783643
"NC_Forest_Yarnall_Knob_20_04",1274397.16780227,1556127.10388189
"NC_Forest_Yarnall_Knob_20_06",1273952.30188101,1556171.55827166
"NC_Forest_Yarnall_Knob_20_07",1274460.41849295,1555693.77725597
"NC_Forest_Yarnall_Knob_20_08",1274679.33295468,1555552.63740183
"NC_Forest_Yarnall_Knob_20_10",1274779.43158412,1555777.45853789
"NJ_Forest_Rutgers_20_02",1796172.48626913,2148971.58766666
"NJ_Forest_Rutgers_20_03",1795965.99330764,2148958.40517319
"NJ_Forest_Rutgers_20_04",1795169.39144096,2149787.32997145
"NJ_Forest_Rutgers_20_06",1795592.73277232,2149533.26162959
"NJ_Forest_Rutgers_20_07",1795752.3527647,2149674.71872456
"NY_Forest_Albany_Pine_Bush_20_01",1786489.74645627,2400609.23715934
"NY_Forest_Albany_Pine_Bush_20_02",1786682.50374098,2400502.21574337
"NY_Forest_Albany_Pine_Bush_20_03",1786876.39521038,2400358.71080251
"NY_Forest_Albany_Pine_Bush_20_04",1787101.76732106,2400181.33037102
"NY_Forest_Albany_Pine_Bush_20_06",1786189.97366994,2400476.08245794
"NY_Forest_Albany_Pine_Bush_20_07",1786358.92528689,2400356.51374306
"NY_Forest_Albany_Pine_Bush_20_08",1786511.13637291,2400212.29976691
"NY_Forest_Albany_Pine_Bush_20_09",1786713.86446156,2400144.39808043
"NY_Forest_Albany_Pine_Bush_20_10",1786911.03276327,2399920.11637533
"NY_Forest_Albany_Pine_Bush_20_11",1786022.12969594,2400107.76477469
"NY_Forest_Albany_Pine_Bush_20_12",1786194.10559082,2399961.34197508
"NY_Forest_Albany_Pine_Bush_20_13",1786471.95275992,2399883.68823552
"NY_Forest_Albany_Pine_Bush_20_14",1786794.99319391,2399721.43192271
"NY_Forest_Albany_Pine_Bush_20_15",1786986.33645387,2399592.25104384
"NY_Forest_Dyken_Pond_20_01",1819200.22514573,2410235.74032701
"NY_Forest_Dyken_Pond_20_02",1819290.76784775,2410031.13816098
"NY_Forest_Dyken_Pond_20_03",1819345.98497278,2409834.08522852
"NY_Forest_Dyken_Pond_20_04",1819429.93043008,2409618.68729644
"NY_Forest_Dyken_Pond_20_05",1819501.22602287,2409410.57618932
"NY_Forest_Dyken_Pond_20_06",1819430.21420242,2410323.58590601
"NY_Forest_Dyken_Pond_20_07",1819492.80909117,2410113.3717403
"NY_Forest_Dyken_Pond_20_08",1819567.79583175,2409900.40665952
"NY_Forest_Dyken_Pond_20_09",1819647.26318643,2409682.77620654
"NY_Forest_Dyken_Pond_20_10",1819698.53147818,2409484.76676917
"NY_Forest_Dyken_Pond_20_11",1819644.62189832,2410382.37254743
"NY_Forest_Dyken_Pond_20_12",1819715.40246243,2410179.88892644
"NY_Forest_Dyken_Pond_20_13",1819773.77538659,2409956.00471569
"NY_Forest_Dyken_Pond_20_14",1819861.43397144,2409753.00556961
"NY_Forest_Mianus_River_Gorge_20_01",1845428.045566,2238179.48734504
"NY_Forest_Mianus_River_Gorge_20_02",1846334.87946028,2236480.22000083
"NY_Forest_Mianus_River_Gorge_20_03",1845799.67980356,2235931.42182114
"NY_Forest_Mianus_River_Gorge_20_04",1845955.20843234,2237070.59203778
"NY_Forest_Mianus_River_Gorge_20_05",1845703.4230435,2236892.73309729
"NY_Forest_Mianus_River_Gorge_20_06",1845562.72138557,2237311.45220644
"NY_Forest_Mianus_River_Gorge_20_07",1845615.40140118,2236645.94859356
"NY_Forest_Mianus_River_Gorge_20_09",1844924.78924524,2238725.36200741
"NY_Forest_Mianus_River_Gorge_20_10",1845280.69975501,2235439.64381542
"NY_Forest_Mianus_River_Gorge_20_11",1844921.39800016,2235584.89052988
"NY_Forest_Mianus_River_Gorge_20_12",1844860.86503521,2235205.40546444
"NY_Forest_Mianus_River_Gorge_20_13",1845518.26205711,2235687.75023364
"NY_Forest_Mianus_River_Gorge_20_14",1845209.97402365,2238003.97086276
"NY_Forest_Mianus_River_Gorge_20_15",1845817.20834162,2236186.62312297
"NY_Forest_Mianus_River_Gorge_20_16",1845143.34706279,2238460.03144481
"NY_Forest_Mianus_River_Gorge_20_17",1844944.39584679,2237562.62405419
"NY_Forest_Mianus_River_Gorge_20_18",1845377.9910654,2237639.01213741
"NY_Forest_Mianus_River_Gorge_20_19",1845958.61985765,2235393.87769753
"NY_Forest_Mianus_River_Gorge_20_20",1845044.74513234,2236616.12661583
"NY_Forest_Paul_Smiths_College_20_02",1715646.96461831,2582576.9387829
"NY_Forest_Paul_Smiths_College_20_03",1715894.84461619,2582772.12752563
"NY_Forest_Paul_Smiths_College_20_05",1715491.37707159,2582963.9257458
"NY_Forest_St_Lawrence_University_20_02",1648393.04309535,2565481.99966232
"NY_Forest_St_Lawrence_University_20_03",1650355.16081619,2559081.73810469
"NY_Forest_St_Lawrence_University_20_04",1653607.56723413,2554820.01541753
"NY_Forest_St_Lawrence_University_20_06",1633444.57217574,2580660.26018617
"NY_Forest_St_Lawrence_University_20_08",1657341.54845371,2552711.35063081
"NY_Forest_St_Lawrence_University_20_09",1662738.63549179,2550727.16323199
"NY_Forest_St_Lawrence_University_20_10",1663804.69314276,2551607.30235879
"NY_Forest_St_Lawrence_University_20_11",1639293.84060653,2570869.94373102
"NY_Forest_St_Lawrence_University_20_12",1649198.78753133,2562282.68569289
"NY_Forest_St_Lawrence_University_20_13",1638138.66400492,2579480.03697103
"NY_Forest_St_Lawrence_University_20_14",1678421.71778196,2551821.42116271
"OR_Forest_Cow_Creek_20_01",-2159998.03106468,2544826.79596095
"OR_Forest_Cow_Creek_20_02",-2159699.26689542,2543630.40106511
"OR_Forest_Cow_Creek_20_03",-2159947.68042597,2542024.96941812
"OR_Forest_Cow_Creek_20_04",-2155912.21631585,2540390.08228309
"OR_Forest_Cow_Creek_20_05",-2154247.49459317,2540200.05338362
"OR_Forest_Cow_Creek_20_06",-2156789.60981022,2540401.80331815
"OR_Forest_Cow_Creek_20_09",-2154758.78885491,2537890.69837309
"OR_Forest_Cow_Creek_20_10",-2154530.59104468,2536455.91917994
"OR_Forest_Cow_Creek_20_11",-2153474.86409065,2536111.08053295
"OR_Forest_Cow_Creek_20_12",-2154635.7371607,2534470.23193297
"OR_Forest_Cow_Creek_20_16",-2153803.36235101,2531713.50005457
"OR_Forest_Cow_Creek_20_17",-2155557.11881243,2530000.81198534
"OR_Forest_Cow_Creek_20_18",-2156611.35050547,2527942.41650799
"OR_Forest_Oregon_State_University_20_01",-2148613.9553043,2695439.83111924
"OR_Forest_Oregon_State_University_20_02",-2149142.3197127,2695585.17255767
"OR_Forest_Oregon_State_University_20_03",-2149732.30639601,2695272.30726007
"OR_Forest_Oregon_State_University_20_04",-2149717.16420508,2694849.36123796
"OR_Forest_Oregon_State_University_20_05",-2149645.60033099,2694002.82568135
"OR_Forest_Oregon_State_University_20_06",-2149745.884219,2693637.4199564
"OR_Forest_Oregon_State_University_20_07",-2150015.57908794,2693287.47724298
"OR_Forest_Oregon_State_University_20_08",-2150513.07157217,2693063.35234281
"OR_Forest_Oregon_State_University_20_09",-2151228.23370098,2692915.58123214
"OR_Forest_Oregon_State_University_20_10",-2151837.36237248,2693096.69964518
"OR_Forest_Oregon_State_University_20_11",-2152339.17080956,2693443.5735733
"OR_Forest_Oregon_State_University_20_12",-2153228.83589735,2693406.02146404
"OR_Forest_Oregon_State_University_20_13",-2152618.35639372,2693480.1283321
"OR_Forest_Oregon_State_University_20_14",-2150864.63377456,2692912.11324447
"OR_Forest_Oregon_State_University_20_15",-2149649.34265135,2694492.12593814
"PA_Forest_Gettysburg_College_20_01",1583277.49668563,2023009.42949257
"PA_Forest_Gettysburg_College_20_02",1582978.90241555,2023161.05572739
"PA_Forest_Gettysburg_College_20_03",1583178.59582445,2023295.89610032
"PA_Forest_Gettysburg_College_20_05",1583163.01717142,2023507.62406485
"PA_Forest_Gettysburg_College_20_06",1582586.68661322,2023655.07022564
"PA_Forest_Gettysburg_College_20_08",1583142.16634572,2023823.43434774
"PA_Forest_Rothrock_20_01",1524045.11729448,2116692.68589707
"PA_Forest_Rothrock_20_02",1520667.50040206,2117233.69718876
"PA_Forest_Rothrock_20_03",1522704.88814363,2112196.92603568
"PA_Forest_Rothrock_20_04",1523920.6812739,2111281.36485834
"PA_Forest_Rothrock_20_05",1524525.5280395,2111638.9256233
"PA_Forest_Rothrock_20_08",1519114.81677564,2116917.91247756
"PA_Forest_Rothrock_20_09",1520027.048922,2116872.87128078
"PA_Forest_Rothrock_20_10",1519343.0076711,2115533.82591893
"PA_Forest_Rothrock_20_11",1525681.04664403,2117793.6789461
"PA_Forest_Rothrock_20_12",1525703.28878306,2118300.1185249
"PA_Forest_Rothrock_20_14",1520010.6628712,2118197.76290687
"PA_Forest_Rothrock_20_15",1523833.95759076,2113955.13069894
"PC.Fall.16.1.USA.2020",-1302464.51131133,2078501.95548389
"PC.Fall.62.1.USA.2020",-1309349.6474802,2080001.62403065
"PC_15.Fall.USA.2020",-1306473.18046646,2083063.48229333
"PC_menlove.Fall.USA.2020",-1306261.93363283,2083868.46051857
"RB_01.USA.2020",-1317861.23097418,2083728.1831213
"RB_06.USA.2020",-1314750.81027731,2086809.40268841
"RB_09.USA.2020",-1313843.84275759,2085751.25812432
"RB_10.USA.2020",-1313024.23095925,2086080.69566589
"RB_13.USA.2020",-1311597.03134592,2086391.45608293
"RI_Forest_University_of_Rhode_Island_20_04",2005518.38004439,2314437.64198846
"RI_Forest_University_of_Rhode_Island_20_05",2005551.99087119,2313691.86703572
"RI_Forest_University_of_Rhode_Island_20_10",2005784.35515042,2314218.34652442
"RI_Forest_University_of_Rhode_Island_20_13",2006049.77271848,2314001.22363844
"RI_Forest_University_of_Rhode_Island_20_14",2006032.20233944,2314250.07070552
"RI_Forest_University_of_Rhode_Island_20_15",2006021.78623055,2314504.2745606
"SEWA_N06_SWDSS_SP20_OFF",-1948307.43687445,3015423.38940178
"SEWA_N07_RWPSS_SP20_0FF",-1943545.87589696,3014671.54645468
"VA_Forest_Caroline_County_20_01",1607579.22368522,1828439.39817241
"VA_Forest_Caroline_County_20_03",1607305.05353286,1828283.40781483
"VA_Forest_Caroline_County_20_05",1607543.56143602,1827000.07368074
"VA_Forest_Caroline_County_20_06",1607687.49595546,1826833.34831023
"VA_Forest_Caroline_County_20_07",1605607.78181463,1828270.07859284
"VA_Forest_Caroline_County_20_08",1605252.74451877,1828202.00111367
"VA_Forest_Richmond(rural)_20_02",1593779.01332568,1771072.86053995
"VA_Forest_Richmond(rural)_20_03",1593331.78604357,1770916.98548612
"VA_Forest_Richmond(rural)_20_04",1593387.73446338,1771241.93719086
"VA_Forest_Richmond(rural)_20_06",1593888.94211263,1770897.92775995
"VA_Forest_Richmond(rural)_20_07",1593939.93449687,1770386.03442065
"VA_Forest_Richmond(rural)_20_08",1593424.5907708,1771495.78867715
"VA_Forest_Richmond(rural)_20_09",1593905.09045253,1770692.11186033
"VA_Forest_Richmond(suburban)_20_01",1604901.15925772,1771354.13383909
"VA_Forest_Richmond(suburban)_20_02",1604908.5418356,1771579.45900241
"VA_Forest_Richmond(suburban)_20_06",1605150.46301716,1771025.11296054
"VA_Forest_Richmond(suburban)_20_08",1605187.25014645,1772070.62537263
"VA_Forest_Richmond(suburban)_20_11",1604970.3207711,1772429.99876009
"VA_Forest_Richmond(suburban)_20_14",1604498.6404021,1771804.93341873
"VA_Forest_SCBI_20_01",1525072.65148558,1906488.49034364
"VA_Forest_SCBI_20_03",1525070.59721243,1906246.22637327
"VA_Forest_SCBI_20_04",1524834.12191985,1906137.38658559
"VA_Forest_SCBI_20_05",1524677.95360845,1906793.38879762
"VA_Forest_SCBI_20_06",1525195.23998589,1906920.24378436
"VA_Forest_SCBI_20_08",1524842.29674103,1906651.20738222
"VA_Forest_SCBI_20_09",1524770.1169104,1907049.35527819
"VA_Forest_SCBI_20_10",1525447.18374824,1906657.81763349
"VA_Forest_SCBI_20_11",1525515.80611038,1906260.13371682
"VA_Forest_SCBI_20_12",1525380.37617834,1906420.35287992
"VA_Forest_SCBI_20_16",1524883.42861919,1907345.85344744
"VA_Forest_Shenandoah_20_03",1515743.60745694,1890864.21158581
"VA_Forest_Shenandoah_20_04",1515884.42110776,1890628.42544626
"VA_Forest_Shenandoah_20_05",1515538.41427698,1890419.46649929
"VA_Forest_Shenandoah_20_06",1515791.44465137,1889611.72070763
"VA_Forest_Shenandoah_20_07",1517997.21248336,1889482.68841478
"VA_Forest_Shenandoah_20_08",1517691.03890375,1889243.51939896
"VA_Forest_Shenandoah_20_09",1517699.29732563,1888912.0079327
"VA_Forest_Shenandoah_20_10",1518337.67401229,1885887.73360158
"VA_Forest_Shenandoah_20_11",1517921.26663441,1887977.51069448
"VA_Forest_Shenandoah_20_12",1517670.60958039,1887866.3210808
"VA_Forest_Shenandoah_20_13",1517353.60697594,1887572.66582251
"VA_Forest_Shenandoah_20_14",1517122.79695458,1888758.71972054
"VA_Forest_Shenandoah_20_15",1517168.67227197,1888236.98041443
"VA_Forest_Shenandoah_20_16",1516296.82186116,1888469.45641536
"VA_Forest_Shenandoah_20_17",1516175.18522648,1887938.94774149
"VA_Forest_Shenandoah_20_18",1516578.15224256,1887697.8480536
"WA_Forest_Lower_Elwha_20_02",-2081723.3274542,3096039.42619904
"WA_Forest_Lower_Elwha_20_03",-2080640.1158517,3099860.37575766
"WA_Forest_Lower_Elwha_20_04",-2081989.0117803,3102382.64523984
"WA_Forest_Lower_Elwha_20_06",-2052670.21670946,3095651.30312986
"WA_Forest_Lower_Elwha_20_08",-2040013.54670231,3089921.73398692
"WA_Forest_Lower_Elwha_20_09",-2062582.9808232,3096763.65806898
"WA_Forest_Lower_Elwha_20_10",-2013359.53441444,3063813.08816436
"WA_Forest_Lower_Elwha_20_11",-2048180.48368861,3090003.18087618
"WA_Forest_Lower_Elwha_20_12",-2064228.80214121,3099421.92945093
"WA_Forest_Lower_Elwha_20_13",-2046253.28310125,3087939.72739351
"WA_Forest_Lower_Elwha_20_14",-2088330.16437207,3102191.92652546
"WA_Forest_Lower_Elwha_20_15",-2065077.81047496,3095312.19625801
"WA_Forest_Olympic_Peninsula_20_02",-2004393.8589258,3064828.43779964
"WA_Forest_Olympic_Peninsula_20_03",-1996540.70230039,3056797.66985209
"WA_Forest_Olympic_Peninsula_20_04",-1984631.01957652,3046460.39417554
"WA_Forest_Olympic_Peninsula_20_07",-1993429.7924417,3051300.78855992
"WA_Forest_Olympic_Peninsula_20_10",-2006870.05959097,3064403.06450811
"WA_Forest_Olympic_Peninsula_20_11",-2002844.46716895,3062078.68342705
"WA_Forest_Olympic_Peninsula_20_12",-2009656.54185149,3062920.08955084
"WA_Forest_Olympic_Peninsula_20_13",-2005599.84441729,3061504.22178144
"WA_Forest_Olympic_Peninsula_20_14",-2002016.43782499,3059539.69285621
"WA_Forest_Olympic_Peninsula_20_15",-2008107.95310291,3060168.82822266
"WI_Forest_Chequamegon-Nicolet_20_01",391578.32083803,2590589.72863763
"WI_Forest_Chequamegon-Nicolet_20_03",397373.519448713,2589069.34588174
"WI_Forest_Chequamegon-Nicolet_20_04",388625.984311982,2588169.96690757
"WI_Forest_Chequamegon-Nicolet_20_05",387666.620528411,2588206.99995215
"WI_Forest_Chequamegon-Nicolet_20_06",395019.25715669,2587245.84020546
"WI_Forest_Chequamegon-Nicolet_20_07",394474.310227338,2586587.72361876
"WI_Forest_Chequamegon-Nicolet_20_08",397047.312885352,2586019.80253199
"WI_Forest_Chequamegon-Nicolet_20_09",395451.109553545,2584909.29349736
"WI_Forest_Chequamegon-Nicolet_20_10",391517.314632843,2583467.50359914
"WV_Forest_University_Research_Forest_20_01",1374252.81437435,1967670.4434123
"WV_Forest_University_Research_Forest_20_02",1375895.30338766,1967002.27246155
"WV_Forest_University_Research_Forest_20_04",1373789.37903666,1968616.20179265
"WV_Forest_University_Research_Forest_20_05",1374630.38791984,1968381.56157941
"WV_Forest_University_Research_Forest_20_06",1374931.97553795,1968333.5708543
"WV_Forest_University_Research_Forest_20_07",1371964.06023643,1966840.17871066
"WV_Forest_University_Research_Forest_20_08",1375806.50416812,1967486.17378775
"WV_Forest_University_Research_Forest_20_09",1373226.04458509,1967486.45027559
"WV_Forest_University_Research_Forest_20_10",1372865.15875491,1967523.14467753
"WV_Forest_University_Research_Forest_20_11",1374443.73184401,1967913.7837436
"WV_Forest_University_Research_Forest_20_12",1375074.63290657,1967787.32846168
"WV_Forest_University_Research_Forest_20_13",1375339.21997203,1967773.89766288
"WV_Forest_University_Research_Forest_20_14",1372285.51011696,1967477.79499779
"WV_Forest_University_Research_Forest_20_15",1375268.50665498,1966340.15481401
"WV_Forest_University_Research_Forest_20_16",1375338.33387534,1968358.27759506
"WV_Forest_University_Research_Forest_20_17",1372555.59649548,1968558.027638
"WV_Forest_University_Research_Forest_20_18",1373555.47301724,1966712.0003204
"WV_Forest_University_Research_Forest_20_19",1373856.15814575,1966229.39932815
"WV_Forest_University_Research_Forest_20_20",1373470.33017731,1967055.5237452
"WV_Forest_University_Research_Forest_20_21",1375997.06325984,1967401.97067927
"WV_Forest_University_Research_Forest_20_24",1372140.65294359,1968293.17810177
"WV_Forest_University_Research_Forest_20_25",1375875.92068427,1967798.40038397
"WV_Forest_University_Research_Forest_20_26",1374329.58219734,1966425.95368004
"WV_Forest_University_Research_Forest_20_27",1373033.00406029,1966504.75922853
"WV_Forest_University_Research_Forest_20_29",1374148.4061529,1968025.42120739
"WV_Forest_University_Research_Forest_20_30",1375091.62729651,1966659.86976997
"WV_Forest_University_Research_Forest_20_31",1374832.27631911,1968111.65369649
"WV_Forest_University_Research_Forest_20_32",1374803.37163102,1966430.41398766
"WV_Forest_University_Research_Forest_20_33",1375283.52490807,1966847.6751959
"WV_Forest_University_Research_Forest_20_34",1374783.57168593,1968643.41743132
"WV_Forest_University_Research_Forest_20_35",1374008.61538611,1967135.89067884
"WY_Forest_Craighead_20_01",-1160865.24456781,2383337.12424073
"WY_Forest_Craighead_20_02",-1160754.46852267,2384268.4647704
"WY_Forest_Craighead_20_03",-1159887.40722876,2385309.26828762
"WY_Forest_Craighead_20_04",-1159509.90027941,2384381.91878966
"WY_Forest_Craighead_20_05",-1159796.81494273,2383308.30859409
"WY_Forest_Craighead_20_06",-1160381.3696716,2383048.18259553
"WY_Forest_Craighead_20_07",-1158523.24856023,2384298.08579495
"WY_Forest_Craighead_20_08",-1157566.2787411,2383067.4088378
"WY_Forest_Craighead_20_09",-1158328.06448564,2382552.08108113
"WY_Forest_Craighead_20_10",-1158691.75749613,2382777.26346305
"WY_Forest_Craighead_20_11",-1159492.29691029,2382380.88230891
